epoch,time,train/box_loss,train/cls_loss,train/dfl_loss,metrics/precision(B),metrics/recall(B),metrics/mAP50(B),metrics/mAP50-95(B),val/box_loss,val/cls_loss,val/dfl_loss,lr/pg0,lr/pg1,lr/pg2
1,32.9147,1.27339,3.13689,1.20942,0.0072,1,0.87866,0.55631,1.05629,3.48169,0.9821,0.00028886,0.00028886,0.00028886
2,62.8348,1.2271,1.87806,1.1788,0.97497,0.06969,0.77247,0.45573,1.16008,3.52557,1.0713,0.000588794,0.000588794,0.000588794
3,92.5935,1.26218,1.60138,1.20566,0.43127,0.29847,0.43235,0.22525,1.376,3.33973,1.28862,0.000888583,0.000888583,0.000888583
4,122.669,1.22956,1.52501,1.19389,0.77644,0.81615,0.86847,0.52699,1.21679,2.08369,1.1797,0.00111039,0.00111039,0.00111039
5,152.4,1.23428,1.43111,1.19503,0.95374,0.66474,0.84163,0.56597,1.1453,1.91182,1.12868,0.00110991,0.00110991,0.00110991
6,182.608,1.24424,1.31783,1.2128,0.85729,0.91667,0.94591,0.5517,1.25138,1.50761,1.29696,0.0011093,0.0011093,0.0011093
7,213.361,1.19902,1.16902,1.19096,0.84472,0.86415,0.91159,0.58595,1.18283,1.36015,1.22551,0.00110856,0.00110856,0.00110856
8,244.056,1.19762,1.07789,1.18168,0.91303,0.82286,0.89147,0.59043,1.19551,1.26124,1.20573,0.00110768,0.00110768,0.00110768
9,274.432,1.17366,1.00959,1.16333,0.97469,0.96543,0.99195,0.62599,1.14062,0.98634,1.1869,0.00110666,0.00110666,0.00110666
10,304.031,1.18283,0.99009,1.19606,0.92413,0.9119,0.96513,0.63213,1.12799,1.043,1.21254,0.00110551,0.00110551,0.00110551
11,333.285,1.16797,0.93738,1.18609,0.92367,0.72707,0.91531,0.5917,1.12733,1.24413,1.17394,0.00110423,0.00110423,0.00110423
12,362.409,1.15278,0.89484,1.15251,0.92044,0.85993,0.95535,0.6372,1.07868,0.87852,1.13897,0.00110281,0.00110281,0.00110281
13,391.643,1.15248,0.88815,1.17381,0.9671,0.98017,0.98984,0.68599,1.07395,0.71003,1.14511,0.00110126,0.00110126,0.00110126
14,420.62,1.15955,0.8557,1.16041,0.93325,0.89338,0.97295,0.67089,1.0468,0.82353,1.13744,0.00109957,0.00109957,0.00109957
15,449.493,1.14318,0.81218,1.15815,0.93115,0.95239,0.97217,0.65025,1.1348,0.78399,1.17313,0.00109776,0.00109776,0.00109776
16,478.182,1.12163,0.78989,1.15804,0.89331,0.87266,0.94485,0.61182,1.04969,0.75736,1.17392,0.0010958,0.0010958,0.0010958
17,507.111,1.08514,0.78136,1.14249,0.97321,0.9881,0.98682,0.66799,1.04998,0.74749,1.14787,0.00109372,0.00109372,0.00109372
18,536.225,1.07631,0.74384,1.13795,0.9711,0.90647,0.94454,0.62065,1.1313,0.68808,1.17288,0.00109151,0.00109151,0.00109151
19,565.233,1.0892,0.7588,1.1384,0.88467,0.94415,0.97673,0.6291,1.10738,0.75655,1.20058,0.00108916,0.00108916,0.00108916
20,594.51,1.08384,0.72933,1.13523,0.98848,0.90384,0.98518,0.66446,1.0616,0.66014,1.14579,0.00108669,0.00108669,0.00108669
21,624.004,1.09676,0.73303,1.12689,0.97511,0.8881,0.975,0.64808,1.0697,0.6405,1.15323,0.00108408,0.00108408,0.00108408
22,653.538,1.05376,0.7061,1.11271,0.9284,0.99316,0.98821,0.63445,1.07763,0.61613,1.17657,0.00108135,0.00108135,0.00108135
23,717.956,1.07584,0.72596,1.14576,0.96287,0.98565,0.98341,0.65614,1.07404,0.58147,1.14943,0.00107849,0.00107849,0.00107849
24,747.41,1.08272,0.72431,1.15763,0.95003,0.99583,0.99189,0.66107,1.11647,0.6231,1.20406,0.0010755,0.0010755,0.0010755
25,776.768,1.09949,0.71816,1.15357,0.95148,0.88486,0.96359,0.65141,1.06612,0.66204,1.16486,0.00107238,0.00107238,0.00107238
26,806.31,1.0711,0.68594,1.14297,0.96997,0.95412,0.99219,0.66345,1.059,0.63593,1.16958,0.00106914,0.00106914,0.00106914
27,835.439,1.07344,0.70395,1.13464,0.98499,0.987,0.98652,0.6984,0.94131,0.54208,1.11041,0.00106577,0.00106577,0.00106577
28,865.131,1.04961,0.6737,1.13674,0.88826,0.98441,0.97144,0.64937,1.05782,0.57277,1.18229,0.00106228,0.00106228,0.00106228
29,894.304,1.04064,0.66076,1.1203,0.92277,0.94785,0.974,0.65814,1.06329,0.60114,1.15753,0.00105866,0.00105866,0.00105866
30,923.439,1.00533,0.65818,1.10687,0.91066,0.90293,0.92951,0.62708,1.04039,0.62194,1.14892,0.00105492,0.00105492,0.00105492
31,952.441,1.01487,0.65406,1.09343,0.96865,0.89286,0.97096,0.66371,0.99755,0.60303,1.10737,0.00105106,0.00105106,0.00105106
32,981.68,1.02088,0.64336,1.11749,0.93098,0.85714,0.91854,0.61552,1.01032,0.59689,1.12555,0.00104708,0.00104708,0.00104708
33,1123.46,0.97914,0.60967,1.08663,0.94504,0.97998,0.99292,0.67985,1.04838,0.50969,1.15283,0.00104298,0.00104298,0.00104298
34,1152.62,1.01343,0.63479,1.10996,0.95138,0.92857,0.98331,0.67971,1.01638,0.56212,1.12562,0.00103875,0.00103875,0.00103875
35,1181.69,1.02569,0.64194,1.10794,0.95078,0.9834,0.99393,0.68523,1.01281,0.52031,1.12728,0.00103442,0.00103442,0.00103442
36,1210.93,1.02773,0.62475,1.1158,0.97829,0.9881,0.985,0.67702,1.01015,0.49137,1.14119,0.00102996,0.00102996,0.00102996
37,1239.83,0.99804,0.59422,1.09402,0.98353,0.97619,0.9713,0.67227,1.02318,0.50736,1.15288,0.00102539,0.00102539,0.00102539
38,1269.04,0.99266,0.61591,1.10441,0.97913,0.90476,0.98497,0.63705,1.06257,0.52963,1.17575,0.0010207,0.0010207,0.0010207
39,1297.99,0.97172,0.58846,1.08381,0.93042,0.87553,0.92354,0.64583,1,0.60407,1.13088,0.0010159,0.0010159,0.0010159
40,1327.09,0.96743,0.60136,1.07464,0.96067,0.99205,0.99096,0.70577,0.99232,0.50346,1.12239,0.00101099,0.00101099,0.00101099
41,1356.27,0.96448,0.5936,1.07224,0.98634,0.9927,0.99052,0.68395,1.03694,0.48326,1.12178,0.00100597,0.00100597,0.00100597
42,1385.32,0.97897,0.59221,1.07704,0.92944,0.89589,0.96223,0.64492,1.09817,0.58142,1.17072,0.00100084,0.00100084,0.00100084
43,1414.57,0.9871,0.6052,1.09955,0.98735,0.98651,0.995,0.65505,1.04267,0.49413,1.17663,0.000995597,0.000995597,0.000995597
44,1443.74,0.96801,0.56773,1.08565,0.97305,0.99874,0.99305,0.64655,1.13514,0.48728,1.19468,0.000990249,0.000990249,0.000990249
45,1472.81,0.97405,0.58928,1.0831,0.97808,0.98186,0.98369,0.69342,1.06108,0.51811,1.14438,0.000984795,0.000984795,0.000984795
46,1502.03,0.97797,0.58937,1.09933,0.99593,0.98393,0.98492,0.68983,1.02199,0.49357,1.13836,0.000979236,0.000979236,0.000979236
47,1531.2,0.93771,0.57609,1.08007,0.95667,0.95238,0.98914,0.68396,1.0213,0.53339,1.17827,0.000973575,0.000973575,0.000973575
48,1560.41,0.97351,0.58756,1.09541,0.97905,1,0.99496,0.69499,1.02543,0.46965,1.14006,0.000967811,0.000967811,0.000967811
49,1589.54,0.9206,0.55575,1.06868,0.96262,0.89286,0.9381,0.64544,1.00582,0.54942,1.13339,0.000961948,0.000961948,0.000961948
50,1618.78,0.9508,0.57235,1.10577,0.94089,0.9881,0.98409,0.6673,1.07984,0.4786,1.15886,0.000955985,0.000955985,0.000955985
51,1647.86,0.921,0.56164,1.0728,0.9563,0.92826,0.995,0.68944,1.01283,0.48916,1.14927,0.000949925,0.000949925,0.000949925
52,1676.84,0.9318,0.55636,1.08777,0.99406,0.89787,0.99348,0.68243,1.0709,0.49904,1.16407,0.000943769,0.000943769,0.000943769
53,1705.95,0.94606,0.56731,1.08621,0.90979,0.9755,0.98319,0.68878,0.98196,0.45534,1.13973,0.000937518,0.000937518,0.000937518
54,1735.06,0.92841,0.5452,1.07817,0.99661,0.89686,0.96164,0.67385,1.02148,0.52203,1.14693,0.000931175,0.000931175,0.000931175
55,1763.58,0.91096,0.54578,1.06769,0.99571,0.90275,0.97464,0.66607,0.98356,0.46283,1.14198,0.00092474,0.00092474,0.00092474
56,1793.09,0.93743,0.55376,1.08098,0.99086,0.97825,0.99417,0.70267,0.96306,0.45183,1.1269,0.000918216,0.000918216,0.000918216
57,1822.38,0.90302,0.52392,1.05037,0.99541,0.89265,0.97674,0.65185,1.0675,0.47625,1.16769,0.000911603,0.000911603,0.000911603
58,1852.46,0.93205,0.54768,1.06644,0.98558,0.92081,0.985,0.69568,0.99253,0.47449,1.12352,0.000904904,0.000904904,0.000904904
59,1881.83,0.89982,0.54003,1.06678,0.98057,0.97305,0.99336,0.678,1.03569,0.45448,1.1528,0.00089812,0.00089812,0.00089812
60,1911.43,0.90543,0.53464,1.06898,0.99091,0.94321,0.99193,0.68956,1.02265,0.46327,1.11727,0.000891253,0.000891253,0.000891253
61,1940.88,0.9121,0.52974,1.06937,0.97037,0.89286,0.91867,0.61721,1.04243,0.56346,1.16601,0.000884305,0.000884305,0.000884305
62,1970.14,0.92286,0.53021,1.07057,0.97933,0.8816,0.97048,0.6764,1.01557,0.54312,1.12554,0.000877276,0.000877276,0.000877276
63,1999.49,0.88366,0.50568,1.05027,0.98876,0.89286,0.98049,0.69168,0.9468,0.48033,1.10169,0.00087017,0.00087017,0.00087017
64,2028.88,0.84718,0.49432,1.03737,0.99075,0.90145,0.91697,0.65031,1.01324,0.53959,1.13516,0.000862987,0.000862987,0.000862987
65,2058.26,0.89349,0.52782,1.06023,0.98079,0.88869,0.90984,0.64693,0.97953,0.55914,1.12761,0.00085573,0.00085573,0.00085573
66,2087.75,0.8927,0.51736,1.05984,0.97565,0.94293,0.99283,0.68699,1.02638,0.45996,1.14483,0.0008484,0.0008484,0.0008484
67,2117.28,0.86953,0.51463,1.03685,0.98998,0.88854,0.91947,0.62159,1.04665,0.54921,1.1553,0.000841,0.000841,0.000841
68,2146.62,0.88748,0.52813,1.06526,0.97797,0.96318,0.98354,0.69663,1.00503,0.45382,1.13376,0.00083353,0.00083353,0.00083353
69,2175.98,0.89083,0.52676,1.07701,0.96586,0.89286,0.94503,0.6436,0.9976,0.51883,1.16537,0.000825993,0.000825993,0.000825993
70,2204.97,0.86099,0.50725,1.0548,0.97715,0.89286,0.90247,0.63443,1.03224,0.52331,1.16448,0.000818391,0.000818391,0.000818391
71,2233.84,0.86656,0.5129,1.04459,0.98947,0.88563,0.91837,0.62711,0.98799,0.51847,1.156,0.000810725,0.000810725,0.000810725
72,2262.72,0.85704,0.50652,1.0556,0.9809,0.88869,0.88889,0.62053,0.99975,0.54919,1.15353,0.000802997,0.000802997,0.000802997
73,2291.69,0.86838,0.509,1.04489,0.96582,0.88307,0.9092,0.63543,0.99154,0.4804,1.13629,0.00079521,0.00079521,0.00079521
74,2320.64,0.8487,0.4932,1.0303,0.96742,0.90298,0.97322,0.67976,1.06366,0.50541,1.17722,0.000787365,0.000787365,0.000787365
75,2349.56,0.87522,0.49967,1.0534,0.97832,0.89286,0.95327,0.6427,1.07493,0.53625,1.21532,0.000779464,0.000779464,0.000779464
76,2378.49,0.85388,0.49751,1.03952,0.97698,1,0.99017,0.67355,1.03712,0.43154,1.14765,0.00077151,0.00077151,0.00077151
77,2407.47,0.86212,0.50816,1.03955,0.99599,0.88856,0.94997,0.67812,0.9822,0.52531,1.129,0.000763503,0.000763503,0.000763503
78,2436.65,0.8178,0.47998,1.02505,0.99395,0.90457,0.91121,0.63375,1.00892,0.5247,1.15227,0.000755447,0.000755447,0.000755447
79,2465.51,0.80497,0.47407,1.0278,0.992,0.89286,0.90488,0.63994,1.0653,0.57229,1.17444,0.000747342,0.000747342,0.000747342
80,2494.45,0.8318,0.48909,1.03167,0.99213,0.8779,0.89199,0.6226,1.02049,0.49574,1.15096,0.000739192,0.000739192,0.000739192
81,2523.63,0.84294,0.49271,1.04066,0.98563,0.88702,0.88804,0.64889,0.99549,0.53109,1.17131,0.000730997,0.000730997,0.000730997
82,2552.92,0.82812,0.47833,1.02498,0.97684,0.94278,0.96669,0.70171,0.99088,0.45644,1.13661,0.000722761,0.000722761,0.000722761
83,2581.89,0.80624,0.47613,1.02217,0.98789,0.91315,0.92442,0.66364,0.95832,0.50052,1.11915,0.000714485,0.000714485,0.000714485
84,2610.86,0.82953,0.4582,1.02627,0.97226,0.97425,0.99141,0.70016,0.97264,0.41372,1.1462,0.000706171,0.000706171,0.000706171
85,2639.84,0.84525,0.47262,1.04188,0.99662,0.89679,0.98614,0.69955,0.99234,0.45858,1.16263,0.000697821,0.000697821,0.000697821
86,2669.27,0.82057,0.47686,1.03012,0.99662,0.89286,0.91353,0.64492,0.99931,0.47943,1.16613,0.000689437,0.000689437,0.000689437
87,2698.57,0.82212,0.47809,1.01657,0.99276,0.90476,0.95252,0.66416,0.97401,0.46353,1.16226,0.000681022,0.000681022,0.000681022
88,2728.34,0.81507,0.47563,1.0299,0.99147,0.90839,0.97763,0.69873,0.95108,0.4376,1.13141,0.000672577,0.000672577,0.000672577
89,2759.12,0.81776,0.47746,1.02822,0.99376,0.89764,0.91684,0.65167,1.01913,0.50457,1.15806,0.000664104,0.000664104,0.000664104
90,2789.19,0.83295,0.46635,1.04563,0.99412,0.89286,0.94035,0.66365,0.96247,0.47533,1.13477,0.000655607,0.000655607,0.000655607
91,2818.97,0.7901,0.44911,1.01674,0.99504,0.88095,0.90418,0.62871,1.01818,0.51018,1.17406,0.000647085,0.000647085,0.000647085
92,2848.23,0.82689,0.47568,1.02552,0.99288,0.88095,0.9083,0.62969,1.00879,0.50441,1.14706,0.000638543,0.000638543,0.000638543
93,2877.44,0.78741,0.45602,1.01359,0.98237,0.87945,0.90705,0.63961,1.00559,0.51011,1.14255,0.000629981,0.000629981,0.000629981
94,2906.53,0.80483,0.46505,1.01639,0.99557,0.89286,0.908,0.6299,1.0084,0.47554,1.17042,0.000621403,0.000621403,0.000621403
95,2935.83,0.80934,0.46023,1.01823,0.99291,0.89286,0.91474,0.63642,1.01374,0.49075,1.17736,0.000612809,0.000612809,0.000612809
96,2965.08,0.76462,0.442,1.00538,0.99745,0.8946,0.90891,0.62762,0.99285,0.51403,1.17752,0.000604203,0.000604203,0.000604203
97,2994.01,0.7712,0.45442,1.01846,0.94872,0.9881,0.98737,0.68126,1.00739,0.41815,1.17543,0.000595586,0.000595586,0.000595586
98,3023.14,0.77998,0.44956,1.01871,0.957,0.9881,0.99004,0.68533,1.00387,0.39741,1.15098,0.000586961,0.000586961,0.000586961
99,3053.31,0.7486,0.43627,0.99855,0.97705,0.92463,0.98912,0.71461,0.9952,0.42819,1.12389,0.000578329,0.000578329,0.000578329
100,3083.26,0.79463,0.45186,1.00819,0.99495,0.89555,0.92982,0.64888,1.02998,0.50781,1.1448,0.000569693,0.000569693,0.000569693
101,3112.7,0.7633,0.44288,0.99366,0.99571,0.89286,0.90853,0.64764,1.02245,0.52744,1.15618,0.000561055,0.000561055,0.000561055
102,3142.27,0.77775,0.44581,1.00995,0.99077,0.89907,0.91167,0.62896,1.01772,0.4902,1.16642,0.000552417,0.000552417,0.000552417
103,3171.47,0.75996,0.434,0.98907,0.98145,0.95879,0.98257,0.69238,0.98583,0.42308,1.13148,0.000543781,0.000543781,0.000543781
104,3200.45,0.75955,0.43442,0.99499,0.99265,0.96388,0.98257,0.69703,0.99413,0.4209,1.13731,0.000535149,0.000535149,0.000535149
105,3229.3,0.77907,0.43177,1.00368,0.997,0.89286,0.95145,0.68119,0.9739,0.456,1.13641,0.000526524,0.000526524,0.000526524
106,3258.35,0.78183,0.44803,1.01219,0.99375,0.89373,0.91807,0.65541,0.95888,0.52364,1.13576,0.000517907,0.000517907,0.000517907
107,3287.58,0.75821,0.43773,1.00282,0.99446,0.91459,0.96368,0.6704,1.00914,0.46326,1.16929,0.000509301,0.000509301,0.000509301
108,3316.63,0.74036,0.42953,0.99953,0.98989,0.90476,0.95751,0.66945,0.99039,0.46466,1.17254,0.000500707,0.000500707,0.000500707
109,3345.61,0.73785,0.42583,0.99273,0.99384,0.88496,0.9108,0.64619,1.00528,0.51318,1.16017,0.000492129,0.000492129,0.000492129
110,3374.35,0.73432,0.42393,0.98666,0.99434,0.89286,0.89786,0.63839,1.00934,0.50989,1.18165,0.000483567,0.000483567,0.000483567
111,3403.69,0.73001,0.41443,0.99654,0.99352,0.89286,0.89993,0.62479,1.00797,0.51024,1.16981,0.000475025,0.000475025,0.000475025
112,3432.78,0.72626,0.41732,0.98737,0.99214,0.88748,0.90795,0.63112,0.98811,0.44941,1.15089,0.000466503,0.000466503,0.000466503
113,3462.1,0.74501,0.43733,1.00056,0.99568,0.89286,0.94739,0.68243,0.99765,0.45439,1.15206,0.000458006,0.000458006,0.000458006
114,3491.45,0.74719,0.42889,1,0.99415,0.87984,0.90812,0.64066,1.06912,0.51405,1.19108,0.000449533,0.000449533,0.000449533
115,3520.59,0.73706,0.41615,0.97243,0.99421,0.8937,0.90167,0.64827,0.99657,0.47411,1.16117,0.000441088,0.000441088,0.000441088
116,3549.81,0.73161,0.42141,0.98909,0.99015,0.89286,0.88833,0.63973,0.99785,0.48463,1.17001,0.000432673,0.000432673,0.000432673
117,3579.06,0.73992,0.42033,0.99774,0.99606,0.89165,0.90964,0.64087,1.01035,0.47053,1.15584,0.000424289,0.000424289,0.000424289
118,3608.67,0.74168,0.426,0.99378,0.99597,0.89286,0.9055,0.63745,0.99537,0.47441,1.15176,0.000415939,0.000415939,0.000415939
119,3637.7,0.7172,0.41363,0.99287,0.9919,0.89286,0.90041,0.61961,0.98392,0.47135,1.17028,0.000407625,0.000407625,0.000407625
120,3666.71,0.71622,0.41195,0.98709,0.98459,0.89251,0.921,0.65746,1.00027,0.49331,1.15724,0.000399349,0.000399349,0.000399349
121,3695.35,0.71131,0.40835,0.97205,0.99487,0.89199,0.90536,0.64818,0.99973,0.50922,1.16652,0.000391113,0.000391113,0.000391113
122,3724.45,0.70891,0.39953,0.97519,0.9961,0.89286,0.88833,0.60621,1.03109,0.49761,1.18753,0.000382918,0.000382918,0.000382918
123,3753.56,0.71889,0.41364,0.97848,0.99545,0.89286,0.89753,0.64288,0.97302,0.49715,1.15226,0.000374768,0.000374768,0.000374768
124,3782.82,0.70832,0.40506,0.97991,0.9943,0.88452,0.89976,0.64234,1.03297,0.49285,1.18733,0.000366663,0.000366663,0.000366663
125,3811.93,0.71315,0.40757,0.98031,0.99691,0.89286,0.88833,0.64055,0.98897,0.46817,1.15358,0.000358607,0.000358607,0.000358607
126,3841.12,0.69542,0.39292,0.96868,0.99568,0.89151,0.906,0.6413,0.97403,0.45288,1.15232,0.0003506,0.0003506,0.0003506
127,3870.36,0.69686,0.40307,0.97856,0.99153,0.89286,0.89859,0.65303,0.96692,0.50223,1.15814,0.000342646,0.000342646,0.000342646
128,3900.28,0.71112,0.40173,0.97786,0.99019,0.89286,0.90576,0.64894,0.96699,0.46413,1.16026,0.000334745,0.000334745,0.000334745
129,3929.56,0.71124,0.40524,0.97456,0.99438,0.89286,0.89786,0.65612,0.925,0.45939,1.12199,0.0003269,0.0003269,0.0003269
130,3959.04,0.70177,0.39997,0.98832,0.97861,0.90369,0.91962,0.6467,0.96172,0.46013,1.16803,0.000319113,0.000319113,0.000319113
131,3988.94,0.70033,0.3935,0.97367,0.99409,0.89286,0.91588,0.65648,0.95194,0.47219,1.15614,0.000311385,0.000311385,0.000311385
132,4018.67,0.69568,0.40089,0.97116,0.99082,0.89286,0.90536,0.65335,0.93643,0.49908,1.1534,0.000303719,0.000303719,0.000303719
133,4047.48,0.67692,0.39201,0.96053,0.99205,0.89286,0.90045,0.65054,0.9501,0.45083,1.16248,0.000296117,0.000296117,0.000296117
134,4076.59,0.67812,0.38484,0.97315,0.99118,0.90291,0.91121,0.64939,0.98562,0.46241,1.16695,0.00028858,0.00028858,0.00028858
135,4105.79,0.67049,0.38571,0.95659,0.99647,0.89286,0.89993,0.65808,0.96344,0.46933,1.15305,0.00028111,0.00028111,0.00028111
136,4134.87,0.67545,0.3945,0.95541,0.99608,0.89286,0.91567,0.64443,0.9666,0.45877,1.15613,0.00027371,0.00027371,0.00027371
137,4163.77,0.65991,0.37239,0.95353,0.97479,0.89182,0.9044,0.64554,0.96938,0.43955,1.17459,0.00026638,0.00026638,0.00026638
138,4192.88,0.66401,0.3807,0.96158,0.99064,0.88682,0.90378,0.6468,0.98857,0.47236,1.14831,0.000259123,0.000259123,0.000259123
139,4221.89,0.68336,0.38881,0.96757,0.98841,0.89286,0.91669,0.66566,0.94683,0.44352,1.1325,0.00025194,0.00025194,0.00025194
140,4250.92,0.68844,0.38863,0.96737,0.98744,0.90267,0.91726,0.65688,0.96359,0.41693,1.14799,0.000244834,0.000244834,0.000244834
141,4280.06,0.69104,0.39988,0.97483,0.994,0.89199,0.90702,0.6581,0.95421,0.44571,1.14183,0.000237805,0.000237805,0.000237805
142,4308.92,0.66283,0.38522,0.95863,0.99478,0.89216,0.91587,0.65676,0.93871,0.44368,1.15411,0.000230857,0.000230857,0.000230857
143,4337.97,0.66396,0.38225,0.95692,0.99775,0.89286,0.91956,0.64409,0.95179,0.4373,1.1502,0.00022399,0.00022399,0.00022399
144,4367.23,0.6581,0.37811,0.96014,0.99756,0.89286,0.91016,0.65409,0.94375,0.45684,1.14486,0.000217206,0.000217206,0.000217206
145,4396.37,0.64959,0.36648,0.95282,0.99584,0.89286,0.90978,0.63987,1.00482,0.46187,1.17536,0.000210507,0.000210507,0.000210507
146,4425.6,0.65027,0.37026,0.962,0.99722,0.89286,0.90964,0.65159,0.94406,0.45737,1.14095,0.000203894,0.000203894,0.000203894
147,4454.9,0.66805,0.37972,0.96319,0.99128,0.90398,0.91121,0.63455,1.00351,0.4371,1.17633,0.00019737,0.00019737,0.00019737
148,4484.09,0.64893,0.36819,0.94672,0.99739,0.89286,0.90911,0.65698,0.93553,0.43736,1.14162,0.000190935,0.000190935,0.000190935
149,4513.8,0.62553,0.35931,0.94867,0.99168,0.90079,0.9108,0.6431,0.94754,0.4346,1.16754,0.000184592,0.000184592,0.000184592
150,4542.81,0.63863,0.36276,0.9483,0.9974,0.89195,0.90045,0.64935,0.97612,0.45184,1.15976,0.000178341,0.000178341,0.000178341
151,4571.7,0.62775,0.36396,0.94005,0.99845,0.89479,0.90917,0.65756,0.94289,0.45009,1.14539,0.000172185,0.000172185,0.000172185
152,4600.76,0.63824,0.35968,0.95167,0.99797,0.89514,0.91121,0.65113,0.935,0.40578,1.14312,0.000166125,0.000166125,0.000166125
153,4629.68,0.62908,0.35957,0.94438,0.99811,0.89274,0.90103,0.64745,0.9489,0.41126,1.15279,0.000160162,0.000160162,0.000160162
154,4658.92,0.63762,0.36405,0.94915,0.98816,0.90097,0.91167,0.65229,0.92765,0.44053,1.14681,0.000154299,0.000154299,0.000154299
155,4687.78,0.62833,0.36482,0.94844,0.99596,0.89394,0.91167,0.65305,0.9282,0.42778,1.14218,0.000148535,0.000148535,0.000148535
156,4716.7,0.61655,0.35674,0.94204,0.9971,0.89455,0.91167,0.66056,0.93502,0.44406,1.15438,0.000142874,0.000142874,0.000142874
157,4745.69,0.65135,0.36731,0.9552,0.98823,0.90131,0.91167,0.661,0.94132,0.43509,1.15684,0.000137315,0.000137315,0.000137315
158,4774.64,0.64275,0.35933,0.95821,0.98375,0.90268,0.90917,0.66818,0.91202,0.42131,1.13963,0.000131861,0.000131861,0.000131861
159,4803.53,0.6283,0.36536,0.95722,0.99591,0.89286,0.90978,0.65529,0.91091,0.42843,1.14855,0.000126513,0.000126513,0.000126513
